id_usuario,trend,h,p-valor,z,Tau,s,var_s,slope,intercept
741112402763818,increasing,True,2.220446049250313e-16,8.220113326697856,0.5334692490655794,3140.0,145823.33333333334,0.11433463796477494,-2.724070450097847
397238520731799,decreasing,True,0.0,-12.800063524169826,-0.7303186022610483,-7106.0,308108.6666666667,-0.06219931271477662,10.53951890034364
10214421550670970,increasing,True,0.0,12.764725978375052,0.686754858729381,8410.0,433976.0,0.02083333333333326,1.3416666666666721
1796067243760886,increasing,True,0.012259937983587488,2.5045727777505884,0.14194386175207271,1421.0,321447.0,0.005864197530864226,3.619907407407405
180167572569447,increasing,True,1.3326985515149659e-07,5.2742916097763874,0.35797979797979795,1772.0,112748.0,0.030208333333333375,7.063020833333331
2414528602105480,decreasing,True,2.220446049250313e-16,-8.19199887317392,-0.517162471395881,-3390.0,171144.66666666666,-0.06444444444444448,11.540000000000003
928018567367487,decreasing,True,4.440892098500626e-16,-8.154980886023857,-0.4636271529888551,-4576.0,314728.6666666667,-0.018934717545828622,5.625430228208004
