id_usuario,trend,h,p-valor,z,Tau,s,var_s,slope,intercept
741112402763818,increasing,True,2.220446049250313e-16,8.220113326697856,0.5334692490655794,3140.0,145823.33333333334,0.11433463796477494,-2.724070450097847
397238520731799,decreasing,True,0.0,-12.800063524169826,-0.7303186022610483,-7106.0,308108.6666666667,-0.06219931271477662,10.53951890034364
10214421550670970,increasing,True,0.0,12.764725978375052,0.686754858729381,8410.0,433976.0,0.02083333333333326,1.3416666666666721
1796067243760886,increasing,True,0.012259937983587488,2.5045727777505884,0.14194386175207271,1421.0,321447.0,0.005864197530864226,3.619907407407405
1033110380164779,decreasing,True,0.005318769992349592,-2.787065666494419,-0.1752623688155922,-1169.0,175627.0,-0.010000000000000014,3.958333333333334
855386091334664,decreasing,True,1.3273937504720834e-10,-6.423999773890989,-0.37346600331674956,-3378.0,276344.6666666667,-0.010793650793650807,4.106507936507939
928018567367487,decreasing,True,4.440892098500626e-16,-8.154980886023857,-0.4636271529888551,-4576.0,314728.6666666667,-0.018934717545828622,5.625430228208004
