id_usuario,trend,h,p-valor,z,Tau,s,var_s,slope,intercept
741112402763818,increasing,True,0.0,10.276932377494349,0.6018455228981545,5283.0,264161.6666666667,0.08871574096531651,-2.426667475139461
397238520731799,decreasing,True,3.26405569239796e-14,-7.587781421253028,-0.3992219063294927,-5336.0,494355.3333333333,-0.045811814571716625,10.01937717330919
10214421550670970,increasing,True,0.0,9.008011876372567,0.45058317986494784,7340.0,663767.3333333334,0.02511440011440011,0.7397039897039899
1796067243760886,increasing,True,4.700245668232128e-07,5.038161585607967,0.26345381526104417,3608.0,512564.0,0.017460317460317454,2.416666666666667
180167572569447,increasing,True,0.011564497579167998,2.525161970288997,0.15342250196695514,1170.0,214314.0,0.019370460048426165,6.523002421307504
2414528602105480,decreasing,True,1.7438215904164167e-05,-4.295395510135404,-0.24595975393598166,-2359.0,301357.0,-0.028933092224231474,9.4249547920434
928018567367487,decreasing,True,3.185447661202545e-08,-5.530925961286046,-0.2900960827790096,-3925.0,503341.0,-0.016643550624133155,5.93619972260749
