id_usuario,trend,h,p-valor,z,Tau,s,var_s,slope,intercept
1505262262895441,increasing,True,0.0,9.062668386656163,0.4299004975124378,8641.0,908898.3333333334,0.016835637480798787,5.68310291858679
1651450664917734,decreasing,True,0.0,-9.853649847876259,-0.3994010855324724,-14938.0,2297907.3333333335,-0.005769230769230766,3.645833333333334
932900373523932,increasing,True,0.0,15.697629991534713,0.6182555780933063,25908.0,2723742.6666666665,0.00952380952380949,1.7238095238095288
1486348074805772,no trend,False,0.16899168371123174,1.3754509460257807,0.054770318021201414,2201.0,2558321.6666666665,0.0004814314473405387,2.740210783534647
1401426946632559,decreasing,True,0.0,-10.35037902523884,-0.6110393423370523,-5203.0,252597.0,-0.06104868913857678,7.751498127340825
2000049206898919,decreasing,True,0.0,-8.422111736401169,-0.3682293544897223,-10211.0,1469635.0,-0.007575757575757567,4.08181818181818
855386091334664,increasing,True,8.255484740260499e-09,5.7631571751075334,0.25307215435970803,6899.0,1432601.6666666667,0.005523255813953479,2.8315406976744204
928018567367487,increasing,True,0.0,13.737283129908052,0.6419492519112612,13687.0,992547.6666666666,0.022222222222222216,0.01111111111111196
1942377509357721,increasing,True,4.218847493575595e-15,7.845525928756805,0.3731155778894472,7425.0,895430.3333333334,0.004621848739495789,3.3651260504201685
